quarter,topic_name,paper_count
2019Q4,2_cov_sars_sars cov_protein,2
2020Q1,0_anxiety_mental_mental health_health,5
2020Q1,1_model_epidemic_cases_number,29
2020Q1,2_cov_sars_sars cov_protein,14
2020Q1,3_policy_health_economic_global,5
2020Q1,5_care_telemedicine_telehealth_patient,2
2020Q2,0_anxiety_mental_mental health_health,52
2020Q2,1_model_epidemic_cases_number,102
2020Q2,2_cov_sars_sars cov_protein,47
2020Q2,3_policy_health_economic_global,32
2020Q2,4_students_learning_education_teaching,13
2020Q2,5_care_telemedicine_telehealth_patient,12
2020Q3,0_anxiety_mental_mental health_health,46
2020Q3,1_model_epidemic_cases_number,61
2020Q3,2_cov_sars_sars cov_protein,64
2020Q3,3_policy_health_economic_global,50
2020Q3,4_students_learning_education_teaching,24
2020Q3,5_care_telemedicine_telehealth_patient,30
2020Q4,0_anxiety_mental_mental health_health,71
2020Q4,1_model_epidemic_cases_number,60
2020Q4,2_cov_sars_sars cov_protein,79
2020Q4,3_policy_health_economic_global,54
2020Q4,4_students_learning_education_teaching,33
2020Q4,5_care_telemedicine_telehealth_patient,32
2021Q1,0_anxiety_mental_mental health_health,94
2021Q1,1_model_epidemic_cases_number,57
2021Q1,2_cov_sars_sars cov_protein,65
2021Q1,3_policy_health_economic_global,56
2021Q1,4_students_learning_education_teaching,54
2021Q1,5_care_telemedicine_telehealth_patient,37
2021Q2,0_anxiety_mental_mental health_health,110
2021Q2,1_model_epidemic_cases_number,59
2021Q2,2_cov_sars_sars cov_protein,62
2021Q2,3_policy_health_economic_global,43
2021Q2,4_students_learning_education_teaching,47
2021Q2,5_care_telemedicine_telehealth_patient,47
2021Q3,0_anxiety_mental_mental health_health,92
2021Q3,1_model_epidemic_cases_number,44
2021Q3,2_cov_sars_sars cov_protein,52
2021Q3,3_policy_health_economic_global,41
2021Q3,4_students_learning_education_teaching,50
2021Q3,5_care_telemedicine_telehealth_patient,31
2021Q4,0_anxiety_mental_mental health_health,124
2021Q4,1_model_epidemic_cases_number,51
2021Q4,2_cov_sars_sars cov_protein,48
2021Q4,3_policy_health_economic_global,41
2021Q4,4_students_learning_education_teaching,44
2021Q4,5_care_telemedicine_telehealth_patient,56
2022Q1,0_anxiety_mental_mental health_health,110
2022Q1,1_model_epidemic_cases_number,47
2022Q1,2_cov_sars_sars cov_protein,51
2022Q1,3_policy_health_economic_global,53
2022Q1,4_students_learning_education_teaching,38
2022Q1,5_care_telemedicine_telehealth_patient,47
2022Q2,0_anxiety_mental_mental health_health,63
2022Q2,1_model_epidemic_cases_number,17
2022Q2,2_cov_sars_sars cov_protein,28
2022Q2,3_policy_health_economic_global,31
2022Q2,4_students_learning_education_teaching,29
2022Q2,5_care_telemedicine_telehealth_patient,28
2022Q3,0_anxiety_mental_mental health_health,1
2022Q3,2_cov_sars_sars cov_protein,1
2022Q3,3_policy_health_economic_global,1
2022Q4,4_students_learning_education_teaching,3
2022Q4,5_care_telemedicine_telehealth_patient,1
