publish_time,paper_count
2019-12-31,664
2020-01-31,962
2020-02-29,1546
2020-03-31,3532
2020-04-30,7660
2020-05-31,12267
2020-06-30,12485
2020-07-31,13235
2020-08-31,13562
2020-09-30,14606
2020-10-31,13549
2020-11-30,12496
2020-12-31,12537
2021-01-31,13592
2021-02-28,13512
2021-03-31,16433
2021-04-30,14371
2021-05-31,16071
2021-06-30,16127
2021-07-31,15049
2021-08-31,15194
2021-09-30,15203
2021-10-31,16139
2021-11-30,15085
2021-12-31,15601
2022-01-31,16520
2022-02-28,14790
2022-03-31,17115
2022-04-30,14347
2022-05-31,11040
2022-06-30,194
2022-07-31,59
2022-08-31,54
2022-09-30,18
2022-10-31,6
2022-11-30,3
2022-12-31,103
