quarter,pub_type,paper_count
2019Q4,Peer-reviewed,617
2019Q4,Preprint,47
2020Q1,Peer-reviewed,4552
2020Q1,Preprint,1488
2020Q2,Peer-reviewed,25558
2020Q2,Preprint,6854
2020Q3,Peer-reviewed,36134
2020Q3,Preprint,5269
2020Q4,Peer-reviewed,34233
2020Q4,Preprint,4349
2021Q1,Peer-reviewed,38796
2021Q1,Preprint,4741
2021Q2,Peer-reviewed,41992
2021Q2,Preprint,4577
2021Q3,Peer-reviewed,40996
2021Q3,Preprint,4450
2021Q4,Peer-reviewed,42723
2021Q4,Preprint,4102
2022Q1,Peer-reviewed,44375
2022Q1,Preprint,4050
2022Q2,Peer-reviewed,23325
2022Q2,Preprint,2256
2022Q3,Peer-reviewed,131
2022Q4,Peer-reviewed,112
